{
  "baseline_nonfreeness": [
    {
      "subset": "baseline_combined",
      "n_rows": 58,
      "n_channels": 13,
      "full_rank": 12,
      "effective_rank": 2.686857630497798,
      "effective_rank_over_full_rank": 0.22390480254148315,
      "pc1_variance_explained": 0.6915174921510114,
      "pc2_variance_explained": 0.14197077226304383,
      "pc1_pc2_variance_explained": 0.8334882644140553,
      "singular_values": [
        22.834276627076726,
        10.346301865223875,
        9.492078925248208,
        4.747260903375677,
        2.0902540222425228,
        1.8379888789553278,
        1.5920256401066781,
        1.0974095273203712,
        0.8129404900147101,
        0.6844465379545311,
        0.5461159347984671,
        1.6637124829973004e-06,
        2.655107901286428e-16
      ],
      "explained_variance_ratio": [
        0.6915174921510114,
        0.14197077226304383,
        0.1194954407468716,
        0.029889238839150206,
        0.005794644399868761,
        0.004480375489606715,
        0.003361466364399309,
        0.0015972250273919375,
        0.0008764883823678477,
        0.0006213091025436916,
        0.00039554723374111885,
        3.671006931141967e-15,
        9.349599426357589e-35
      ],
      "variables_used": [
        "negative_frequency",
        "min_eigenvalue_mean",
        "min_eigenvalue_q10",
        "min_eigenvalue_q05",
        "spectral_tail_mean",
        "logdet_residual_mean",
        "logdet_residual_q90",
        "logdet_residual_q95",
        "euler_density_proxy_mean",
        "euler_density_proxy_weighted_mean",
        "determinant_g_mean",
        "logdet_g_mean",
        "logdet_target_mean"
      ]
    },
    {
      "subset": "baseline_fragile_only",
      "n_rows": 28,
      "n_channels": 13,
      "full_rank": 12,
      "effective_rank": 2.9895023247905037,
      "effective_rank_over_full_rank": 0.24912519373254197,
      "pc1_variance_explained": 0.6304572147081621,
      "pc2_variance_explained": 0.16631740374482037,
      "pc1_pc2_variance_explained": 0.7967746184529825,
      "singular_values": [
        15.148809397235512,
        7.780715581687497,
        7.445862632988568,
        3.303864275025871,
        1.6596351267328018,
        1.3926848999775194,
        1.2146287218919045,
        0.8325219065443847,
        0.5745448896833786,
        0.5015402067531953,
        0.4166885351226707,
        9.347271163429424e-07,
        5.49510140440447e-17
      ],
      "explained_variance_ratio": [
        0.6304572147081621,
        0.16631740374482037,
        0.15231008337729524,
        0.029987689966462158,
        0.007567002071113746,
        0.005328492391828005,
        0.00405308497814495,
        0.0019041008925173005,
        0.0009068731600584771,
        0.0006910510411814229,
        0.00047700366841394836,
        2.4003153352384415e-15,
        8.29564270458461e-36
      ],
      "variables_used": [
        "negative_frequency",
        "min_eigenvalue_mean",
        "min_eigenvalue_q10",
        "min_eigenvalue_q05",
        "spectral_tail_mean",
        "logdet_residual_mean",
        "logdet_residual_q90",
        "logdet_residual_q95",
        "euler_density_proxy_mean",
        "euler_density_proxy_weighted_mean",
        "determinant_g_mean",
        "logdet_g_mean",
        "logdet_target_mean"
      ]
    },
    {
      "subset": "baseline_regular_only",
      "n_rows": 30,
      "n_channels": 13,
      "full_rank": 12,
      "effective_rank": 2.0466446409545997,
      "effective_rank_over_full_rank": 0.17055372007954997,
      "pc1_variance_explained": 0.7932606144195002,
      "pc2_variance_explained": 0.12409698088198982,
      "pc1_pc2_variance_explained": 0.9173575953014901,
      "singular_values": [
        17.58896357445785,
        6.956854356961631,
        4.937538144120651,
        2.267664705937453,
        1.2216582990557219,
        0.8537030169219586,
        0.449944521871726,
        0.35929167454281924,
        0.28224510418726595,
        0.23232914851613112,
        0.15004711332476678,
        1.2720024228397135e-06,
        1.5573426343388558e-17
      ],
      "explained_variance_ratio": [
        0.7932606144195002,
        0.12409698088198982,
        0.06251098185806771,
        0.013185392868088192,
        0.003826792306799281,
        0.0018687406182093691,
        0.0005191027506727593,
        0.0003310013010148286,
        0.00020426230471200157,
        0.0001384021365390526,
        5.772855440280873e-05,
        4.1486927274617985e-15,
        6.21875918135766e-37
      ],
      "variables_used": [
        "negative_frequency",
        "min_eigenvalue_mean",
        "min_eigenvalue_q10",
        "min_eigenvalue_q05",
        "spectral_tail_mean",
        "logdet_residual_mean",
        "logdet_residual_q90",
        "logdet_residual_q95",
        "euler_density_proxy_mean",
        "euler_density_proxy_weighted_mean",
        "determinant_g_mean",
        "logdet_g_mean",
        "logdet_target_mean"
      ]
    },
    {
      "subset": "baseline_fragile_local",
      "n_rows": 14,
      "n_channels": 13,
      "full_rank": 12,
      "effective_rank": 2.294077285716218,
      "effective_rank_over_full_rank": 0.19117310714301816,
      "pc1_variance_explained": 0.750637962193938,
      "pc2_variance_explained": 0.15289906042958346,
      "pc1_pc2_variance_explained": 0.9035370226235214,
      "singular_values": [
        11.688289400904516,
        5.275189949014559,
        3.1620345180931224,
        2.409921991936447,
        0.8632464210931605,
        0.6900928566851925,
        0.49990896945730195,
        0.3905630987233448,
        0.31222130419881544,
        0.15079545599223323,
        0.07735065053320896,
        1.1741334532996852e-07,
        2.76624678161085e-17
      ],
      "explained_variance_ratio": [
        0.750637962193938,
        0.15289906042958346,
        0.054936606008859315,
        0.03191057146823586,
        0.004094474634781041,
        0.002616638191472138,
        0.001373126251339898,
        0.0008381293081559399,
        0.0005356161692066437,
        0.00012494104147200839,
        3.287430295555282e-05,
        7.574666847018915e-17,
        4.204462228995812e-36
      ],
      "variables_used": [
        "negative_frequency",
        "min_eigenvalue_mean",
        "min_eigenvalue_q10",
        "min_eigenvalue_q05",
        "spectral_tail_mean",
        "logdet_residual_mean",
        "logdet_residual_q90",
        "logdet_residual_q95",
        "euler_density_proxy_mean",
        "euler_density_proxy_weighted_mean",
        "determinant_g_mean",
        "logdet_g_mean",
        "logdet_target_mean"
      ]
    },
    {
      "subset": "baseline_fragile_global",
      "n_rows": 14,
      "n_channels": 13,
      "full_rank": 12,
      "effective_rank": 2.5803430135059062,
      "effective_rank_over_full_rank": 0.21502858445882553,
      "pc1_variance_explained": 0.6841826573481106,
      "pc2_variance_explained": 0.2181463595352878,
      "pc1_pc2_variance_explained": 0.9023290168833984,
      "singular_values": [
        11.158908711758338,
        6.301002891240598,
        2.9010411189262024,
        2.3884171755982972,
        1.294667120875361,
        0.9683311215567103,
        0.8057688508644639,
        0.5354070990830128,
        0.26108841997003124,
        0.15142616283515276,
        0.12121627519260834,
        2.7091714290053785e-07,
        1.2191409028866416e-17
      ],
      "explained_variance_ratio": [
        0.6841826573481106,
        0.2181463595352878,
        0.04624197567967359,
        0.03134360771809312,
        0.009209686559756576,
        0.005152006378985036,
        0.0035673815440848285,
        0.0015750591304861926,
        0.00037454485188157926,
        0.00012598836698339672,
        8.073288665697889e-05,
        4.0327526548016734e-16,
        8.166508467534373e-37
      ],