Case,Model,Fragile neg. freq.,Fragile spectral_tail_mean,Fragile residual mean
0.50,Local,0.090909,0.006813,-1.246973
0.50,Global,0.000000,0.054604,0.091608
0.75,Local,0.102041,-0.031019,-1.256754
0.75,Global,0.081633,-0.030762,-1.634387
0.90,Local,0.025316,0.018488,-0.536606
0.90,Global,0.075949,-0.017943,-1.514759
1.00,Local,0.011905,0.032667,-0.314964
1.00,Global,0.071429,-0.013301,-1.624563
1.10,Local,0.000000,0.040229,-0.230679
1.10,Global,0.077922,-0.012605,-1.750856
